contribution_id,a_id,contribution_type,amount,frequency,due_date,payment_date,status,notes
rd_cnt_ast_po_po_1791317919811_1_1791317919812,ast_po_po_1791317919811,RD_DEPOSIT,5000,MONTHLY,2026-10-05,2026-10-05,PAID,Installment #1 of 60
rd_cnt_ast_po_po_1791317919811_2_1791317919812,ast_po_po_1791317919811,RD_DEPOSIT,5000,MONTHLY,2026-11-05,,PENDING,Installment #2 of 60
rd_cnt_ast_po_po_1791317919811_3_1791317919812,ast_po_po_1791317919811,RD_DEPOSIT,5000,MONTHLY,2026-12-05,,PENDING,Installment #3 of 60
rd_cnt_ast_po_po_1791317919811_4_1791317919812,ast_po_po_1791317919811,RD_DEPOSIT,5000,MONTHLY,2027-01-05,,PENDING,Installment #4 of 60
rd_cnt_ast_po_po_1791317919811_5_1791317919812,ast_po_po_1791317919811,RD_DEPOSIT,5000,MONTHLY,2027-02-05,,PENDING,Installment #5 of 60
rd_cnt_ast_po_po_1791317919811_6_1791317919812,ast_po_po_1791317919811,RD_DEPOSIT,5000,MONTHLY,2027-03-05,,PENDING,Installment #6 of 60
rd_cnt_ast_po_po_1791317919811_7_1791317919812,ast_po_po_1791317919811,RD_DEPOSIT,5000,MONTHLY,2027-04-05,,PENDING,Installment #7 of 60
rd_cnt_ast_po_po_1791317919811_8_1791317919812,ast_po_po_1791317919811,RD_DEPOSIT,5000,MONTHLY,2027-05-05,,PENDING,Installment #8 of 60
rd_cnt_ast_po_po_1791317919811_9_1791317919812,ast_po_po_1791317919811,RD_DEPOSIT,5000,MONTHLY,2027-06-05,,PENDING,Installment #9 of 60
rd_cnt_ast_po_po_1791317919811_10_1791317919812,ast_po_po_1791317919811,RD_DEPOSIT,5000,MONTHLY,2027-07-05,,PENDING,Installment #10 of 60
rd_cnt_ast_po_po_1791317919811_11_1791317919812,ast_po_po_1791317919811,RD_DEPOSIT,5000,MONTHLY,2027-08-05,,PENDING,Installment #11 of 60
rd_cnt_ast_po_po_1791317919811_12_1791317919812,ast_po_po_1791317919811,RD_DEPOSIT,5000,MONTHLY,2027-09-05,,PENDING,Installment #12 of 60
rd_cnt_ast_po_po_1791317919811_13_1791317919812,ast_po_po_1791317919811,RD_DEPOSIT,5000,MONTHLY,2027-10-05,,PENDING,Installment #13 of 60
rd_cnt_ast_po_po_1791317919811_14_1791317919812,ast_po_po_1791317919811,RD_DEPOSIT,5000,MONTHLY,2027-11-05,,PENDING,Installment #14 of 60
rd_cnt_ast_po_po_1791317919811_15_1791317919812,ast_po_po_1791317919811,RD_DEPOSIT,5000,MONTHLY,2027-12-05,,PENDING,Installment #15 of 60
rd_cnt_ast_po_po_1791317919811_16_1791317919812,ast_po_po_1791317919811,RD_DEPOSIT,5000,MONTHLY,2028-01-05,,PENDING,Installment #16 of 60
rd_cnt_ast_po_po_1791317919811_17_1791317919812,ast_po_po_1791317919811,RD_DEPOSIT,5000,MONTHLY,2028-02-05,,PENDING,Installment #17 of 60
rd_cnt_ast_po_po_1791317919811_18_1791317919812,ast_po_po_1791317919811,RD_DEPOSIT,5000,MONTHLY,2028-03-05,,PENDING,Installment #18 of 60
rd_cnt_ast_po_po_1791317919811_19_1791317919812,ast_po_po_1791317919811,RD_DEPOSIT,5000,MONTHLY,2028-04-05,,PENDING,Installment #19 of 60
rd_cnt_ast_po_po_1791317919811_20_1791317919812,ast_po_po_1791317919811,RD_DEPOSIT,5000,MONTHLY,2028-05-05,,PENDING,Installment #20 of 60
rd_cnt_ast_po_po_1791317919811_21_1791317919812,ast_po_po_1791317919811,RD_DEPOSIT,5000,MONTHLY,2028-06-05,,PENDING,Installment #21 of 60
rd_cnt_ast_po_po_1791317919811_22_1791317919812,ast_po_po_1791317919811,RD_DEPOSIT,5000,MONTHLY,2028-07-05,,PENDING,Installment #22 of 60
rd_cnt_ast_po_po_1791317919811_23_1791317919812,ast_po_po_1791317919811,RD_DEPOSIT,5000,MONTHLY,2028-08-05,,PENDING,Installment #23 of 60
rd_cnt_ast_po_po_1791317919811_24_1791317919812,ast_po_po_1791317919811,RD_DEPOSIT,5000,MONTHLY,2028-09-05,,PENDING,Installment #24 of 60
rd_cnt_ast_po_po_1791317919811_25_1791317919812,ast_po_po_1791317919811,RD_DEPOSIT,5000,MONTHLY,2028-10-05,,PENDING,Installment #25 of 60
rd_cnt_ast_po_po_1791317919811_26_1791317919812,ast_po_po_1791317919811,RD_DEPOSIT,5000,MONTHLY,2028-11-05,,PENDING,Installment #26 of 60
rd_cnt_ast_po_po_1791317919811_27_1791317919812,ast_po_po_1791317919811,RD_DEPOSIT,5000,MONTHLY,2028-12-05,,PENDING,Installment #27 of 60
rd_cnt_ast_po_po_1791317919811_28_1791317919812,ast_po_po_1791317919811,RD_DEPOSIT,5000,MONTHLY,2029-01-05,,PENDING,Installment #28 of 60
rd_cnt_ast_po_po_1791317919811_29_1791317919812,ast_po_po_1791317919811,RD_DEPOSIT,5000,MONTHLY,2029-02-05,,PENDING,Installment #29 of 60
rd_cnt_ast_po_po_1791317919811_30_1791317919812,ast_po_po_1791317919811,RD_DEPOSIT,5000,MONTHLY,2029-03-05,,PENDING,Installment #30 of 60
rd_cnt_ast_po_po_1791317919811_31_1791317919812,ast_po_po_1791317919811,RD_DEPOSIT,5000,MONTHLY,2029-04-05,,PENDING,Installment #31 of 60
rd_cnt_ast_po_po_1791317919811_32_1791317919812,ast_po_po_1791317919811,RD_DEPOSIT,5000,MONTHLY,2029-05-05,,PENDING,Installment #32 of 60
rd_cnt_ast_po_po_1791317919811_33_1791317919812,ast_po_po_1791317919811,RD_DEPOSIT,5000,MONTHLY,2029-06-05,,PENDING,Installment #33 of 60
rd_cnt_ast_po_po_1791317919811_34_1791317919812,ast_po_po_1791317919811,RD_DEPOSIT,5000,MONTHLY,2029-07-05,,PENDING,Installment #34 of 60
rd_cnt_ast_po_po_1791317919811_35_1791317919812,ast_po_po_1791317919811,RD_DEPOSIT,5000,MONTHLY,2029-08-05,,PENDING,Installment #35 of 60
rd_cnt_ast_po_po_1791317919811_36_1791317919812,ast_po_po_1791317919811,RD_DEPOSIT,5000,MONTHLY,2029-09-05,,PENDING,Installment #36 of 60
rd_cnt_ast_po_po_1791317919811_37_1791317919812,ast_po_po_1791317919811,RD_DEPOSIT,5000,MONTHLY,2029-10-05,,PENDING,Installment #37 of 60
rd_cnt_ast_po_po_1791317919811_38_1791317919812,ast_po_po_1791317919811,RD_DEPOSIT,5000,MONTHLY,2029-11-05,,PENDING,Installment #38 of 60
rd_cnt_ast_po_po_1791317919811_39_1791317919812,ast_po_po_1791317919811,RD_DEPOSIT,5000,MONTHLY,2029-12-05,,PENDING,Installment #39 of 60
rd_cnt_ast_po_po_1791317919811_40_1791317919812,ast_po_po_1791317919811,RD_DEPOSIT,5000,MONTHLY,2030-01-05,,PENDING,Installment #40 of 60
rd_cnt_ast_po_po_1791317919811_41_1791317919812,ast_po_po_1791317919811,RD_DEPOSIT,5000,MONTHLY,2030-02-05,,PENDING,Installment #41 of 60
rd_cnt_ast_po_po_1791317919811_42_1791317919812,ast_po_po_1791317919811,RD_DEPOSIT,5000,MONTHLY,2030-03-05,,PENDING,Installment #42 of 60
rd_cnt_ast_po_po_1791317919811_43_1791317919812,ast_po_po_1791317919811,RD_DEPOSIT,5000,MONTHLY,2030-04-05,,PENDING,Installment #43 of 60
rd_cnt_ast_po_po_1791317919811_44_1791317919812,ast_po_po_1791317919811,RD_DEPOSIT,5000,MONTHLY,2030-05-05,,PENDING,Installment #44 of 60
rd_cnt_ast_po_po_1791317919811_45_1791317919812,ast_po_po_1791317919811,RD_DEPOSIT,5000,MONTHLY,2030-06-05,,PENDING,Installment #45 of 60
rd_cnt_ast_po_po_1791317919811_46_1791317919812,ast_po_po_1791317919811,RD_DEPOSIT,5000,MONTHLY,2030-07-05,,PENDING,Installment #46 of 60
rd_cnt_ast_po_po_1791317919811_47_1791317919812,ast_po_po_1791317919811,RD_DEPOSIT,5000,MONTHLY,2030-08-05,,PENDING,Installment #47 of 60
rd_cnt_ast_po_po_1791317919811_48_1791317919812,ast_po_po_1791317919811,RD_DEPOSIT,5000,MONTHLY,2030-09-05,,PENDING,Installment #48 of 60
rd_cnt_ast_po_po_1791317919811_49_1791317919812,ast_po_po_1791317919811,RD_DEPOSIT,5000,MONTHLY,2030-10-05,,PENDING,Installment #49 of 60
rd_cnt_ast_po_po_1791317919811_50_1791317919812,ast_po_po_1791317919811,RD_DEPOSIT,5000,MONTHLY,2030-11-05,,PENDING,Installment #50 of 60
rd_cnt_ast_po_po_1791317919811_51_1791317919812,ast_po_po_1791317919811,RD_DEPOSIT,5000,MONTHLY,2030-12-05,,PENDING,Installment #51 of 60
rd_cnt_ast_po_po_1791317919811_52_1791317919812,ast_po_po_1791317919811,RD_DEPOSIT,5000,MONTHLY,2031-01-05,,PENDING,Installment #52 of 60
rd_cnt_ast_po_po_1791317919811_53_1791317919812,ast_po_po_1791317919811,RD_DEPOSIT,5000,MONTHLY,2031-02-05,,PENDING,Installment #53 of 60
rd_cnt_ast_po_po_1791317919811_54_1791317919812,ast_po_po_1791317919811,RD_DEPOSIT,5000,MONTHLY,2031-03-05,,PENDING,Installment #54 of 60
rd_cnt_ast_po_po_1791317919811_55_1791317919812,ast_po_po_1791317919811,RD_DEPOSIT,5000,MONTHLY,2031-04-05,,PENDING,Installment #55 of 60
rd_cnt_ast_po_po_1791317919811_56_1791317919812,ast_po_po_1791317919811,RD_DEPOSIT,5000,MONTHLY,2031-05-05,,PENDING,Installment #56 of 60
rd_cnt_ast_po_po_1791317919811_57_1791317919812,ast_po_po_1791317919811,RD_DEPOSIT,5000,MONTHLY,2031-06-05,,PENDING,Installment #57 of 60
rd_cnt_ast_po_po_1791317919811_58_1791317919812,ast_po_po_1791317919811,RD_DEPOSIT,5000,MONTHLY,2031-07-05,,PENDING,Installment #58 of 60
rd_cnt_ast_po_po_1791317919811_59_1791317919812,ast_po_po_1791317919811,RD_DEPOSIT,5000,MONTHLY,2031-08-05,,PENDING,Installment #59 of 60
rd_cnt_ast_po_po_1791317919811_60_1791317919812,ast_po_po_1791317919811,RD_DEPOSIT,5000,MONTHLY,2031-09-05,,PENDING,Installment #60 of 60
